{
    "name": "Low-Female-Safe-SameSide",
    "modelID": "LowFem",
    "modelBehavior": "Safe",
    "modelPathIndex": 0,
    "participantStartPositionID": "South",
    "duration": -17.34722137451172,
    "participantGazeData": [
        {
            "frameIndex": 6,
            "timestamp": 3.506535530090332,
            "triangleIndex": -1,
            "hitID": "Car4",
            "agentID": "Car4",
            "localPositionOfHitPosition": [
                -1.3750042915344239,
                1.0,
                -1.2157995700836182
            ],
            "localPositionOfHitTarget": [
                -1.0426139831542969,
                -20.0,
                -2.5
            ],
            "raycastDirection": [
                -0.20791170001029969,
                0.0,
                -0.9781476259231567
            ]
        },
        {
            "frameIndex": 7,
            "timestamp": 4.006535530090332,
            "triangleIndex": -1,
            "hitID": "Car4",
            "agentID": "Car4",
            "localPositionOfHitPosition": [
                -1.3750015497207642,
                1.0,
                -1.8920775651931763
            ],
            "localPositionOfHitTarget": [
                3.957366943359375,
                -20.0,
                -2.5
            ],
            "raycastDirection": [
                0.1908089816570282,
                0.0,
                -0.9816272258758545
            ]
        },
        {
            "frameIndex": 27,
            "timestamp": 14.006536483764649,
            "triangleIndex": -1,
            "hitID": "Agent11",
            "agentID": "Agent11",
            "localPositionOfHitPosition": [
                0.40269145369529726,
                0.9166679382324219,
                0.2963729500770569
            ],
            "localPositionOfHitTarget": [
                -13.977048873901368,
                -19.916667938232423,
                15.788069725036621
            ],
            "raycastDirection": [
                -0.9396927356719971,
                0.0,
                0.3420199751853943
            ]
        },
        {
            "frameIndex": 31,
            "timestamp": 16.00653648376465,
            "triangleIndex": -1,
            "hitID": "Sedan4",
            "agentID": "Sedan4",
            "localPositionOfHitPosition": [
                1.3750016689300538,
                1.0,
                1.232186198234558
            ],
            "localPositionOfHitTarget": [
                0.6257620453834534,
                -20.0,
                2.5
            ],
            "raycastDirection": [
                -0.10452848672866821,
                0.0,
                -0.9945220947265625
            ]
        },
        {
            "frameIndex": 32,
            "timestamp": 16.50653648376465,
            "triangleIndex": -1,
            "hitID": "Sedan4",
            "agentID": "Sedan4",
            "localPositionOfHitPosition": [
                1.3748890161514283,
                1.0,
                -3.180042266845703
            ],
            "localPositionOfHitTarget": [
                -4.374201774597168,
                -20.0,
                2.5
            ],
            "raycastDirection": [
                -0.10452848672866821,
                0.0,
                -0.9945220947265625
            ]
        },
        {
            "frameIndex": 38,
            "timestamp": 19.50653648376465,
            "triangleIndex": -1,
            "hitID": "SportsCar4",
            "agentID": "SportsCar4",
            "localPositionOfHitPosition": [
                -1.3750020265579224,
                1.0,
                -0.23890161514282227
            ],
            "localPositionOfHitTarget": [
                -0.6259489059448242,
                -20.0,
                -2.5
            ],
            "raycastDirection": [
                -0.06975649297237396,
                0.0,
                -0.9975640773773193
            ]
        },
        {
            "frameIndex": 0,
            "timestamp": 0.5,
            "triangleIndex": -1,
            "hitID": "Agent8",
            "agentID": "Agent8",
            "localPositionOfHitPosition": [
                0.39086902141571047,
                0.9166679382324219,
                0.31180721521377566
            ],
            "localPositionOfHitTarget": [
                4.31289005279541,
                -19.916667938232423,
                -16.521343231201173
            ],
            "raycastDirection": [
                0.4383711516857147,
                0.0,
                -0.8987940549850464
            ]
        },
        {
            "frameIndex": 1,
            "timestamp": 1.0,
            "triangleIndex": -1,
            "hitID": "Agent3",
            "agentID": "Agent3",
            "localPositionOfHitPosition": [
                -9.977919578552246,
                19.91666603088379,
                0.8183565139770508
            ],
            "localPositionOfHitTarget": [
                -0.8200942277908325,
                -19.91666603088379,
                -9.977776527404786
            ],
            "raycastDirection": [
                0.80901700258255,
                0.0,
                -0.5877852439880371
            ]
        },
        {
            "frameIndex": 2,
            "timestamp": 1.5,
            "triangleIndex": -1,
            "hitID": "Agent3",
            "agentID": "Agent3",
            "localPositionOfHitPosition": [
                -9.984413146972657,
                19.91666603088379,
                0.040897369384765628
            ],
            "localPositionOfHitTarget": [
                -0.04617981240153313,
                -19.91666603088379,
                -9.984389305114746
            ],
            "raycastDirection": [
                0.9925462007522583,
                0.0,
                -0.12186932563781738
            ]
        },
        {
            "frameIndex": 3,
            "timestamp": 2.0,
            "triangleIndex": -1,
            "hitID": "Agent3",
            "agentID": "Agent3",
            "localPositionOfHitPosition": [
                -10.061980247497559,
                19.916667938232423,
                -0.7567071914672852
            ],
            "localPositionOfHitTarget": [
                0.7628577947616577,
                -19.916667938232423,
                -10.061514854431153
            ],
            "raycastDirection": [
                0.9271839261054993,
                0.0,
                0.37460649013519289
            ]
        },
        {
            "frameIndex": 6,
            "timestamp": 3.5,
            "triangleIndex": -1,
            "hitID": "Agent1",
            "agentID": "Agent1",
            "localPositionOfHitPosition": [
                0.4969552159309387,
                0.9166679382324219,
                0.05506142973899841
            ],
            "localPositionOfHitTarget": [
                -0.5834596157073975,
                -19.916667938232423,
                9.908720016479493
            ],
            "raycastDirection": [
                -0.2588188648223877,
                0.0,
                0.9659258723258972
            ]
        },
        {
            "frameIndex": 8,
            "timestamp": 4.5,
            "triangleIndex": -1,
            "hitID": "SportsCar1",
            "agentID": "SportsCar1",
            "localPositionOfHitPosition": [
                1.375001311302185,
                1.0,
                -2.501964569091797
            ],
            "localPositionOfHitTarget": [
                -6.181506156921387,
                -20.0,
                -2.5
            ],
            "raycastDirection": [
                -0.9510564804077148,
                0.0,
                0.3090173006057739
            ]
        },
        {
            "frameIndex": 11,
            "timestamp": 6.0,
            "triangleIndex": 381,