{
    "name": "Training",
    "modelID": "No Agent",
    "modelBehavior": "Safe",
    "modelPathIndex": 0,
    "participantStartPositionID": "North",
    "duration": -63.41023635864258,
    "participantGazeData": [
        {
            "frameIndex": 8,
            "timestamp": 4.507455825805664,
            "triangleIndex": -1,
            "hitID": "Agent2",
            "agentID": "Agent2",
            "localPositionOfHitPosition": [
                -0.27735987305641177,
                0.9166679382324219,
                0.41601836681365969
            ],
            "localPositionOfHitTarget": [
                -7.2933878898620609,
                -19.916667938232423,
                10.010629653930664
            ],
            "raycastDirection": [
                -0.9961947202682495,
                0.0,
                0.08715558052062988
            ]
        },
        {
            "frameIndex": 9,
            "timestamp": 5.007455825805664,
            "triangleIndex": -1,
            "hitID": "Agent2",
            "agentID": "Agent2",
            "localPositionOfHitPosition": [
                -0.04469401016831398,
                0.9166679382324219,
                0.49799931049346926
            ],
            "localPositionOfHitTarget": [
                -6.196727752685547,
                -19.916667938232423,
                10.00147533416748
            ],
            "raycastDirection": [
                -0.9998477697372437,
                0.0,
                0.017452239990234376
            ]
        },
        {
            "frameIndex": 10,
            "timestamp": 5.507455825805664,
            "triangleIndex": -1,
            "hitID": "Agent2",
            "agentID": "Agent2",
            "localPositionOfHitPosition": [
                -0.029624853283166887,
                0.9166679382324219,
                0.49912136793136599
            ],
            "localPositionOfHitTarget": [
                -5.119257926940918,
                -19.916667938232423,
                10.01279067993164
            ],
            "raycastDirection": [
                -0.9998477697372437,
                0.0,
                0.017452239990234376
            ]
        },
        {
            "frameIndex": 11,
            "timestamp": 6.007455825805664,
            "triangleIndex": -1,
            "hitID": "Agent2",
            "agentID": "Agent2",
            "localPositionOfHitPosition": [
                -0.025753144174814225,
                0.9166679382324219,
                0.4993359446525574
            ],
            "localPositionOfHitTarget": [
                -4.061898708343506,
                -19.916667938232423,
                10.002059936523438
            ],
            "raycastDirection": [
                -0.9998477697372437,
                0.0,
                0.017452239990234376
            ]
        },
        {
            "frameIndex": 12,
            "timestamp": 6.507455825805664,
            "triangleIndex": -1,
            "hitID": "Agent2",
            "agentID": "Agent2",
            "localPositionOfHitPosition": [
                -0.01100629661232233,
                0.9166679382324219,
                0.49987924098968508
            ],
            "localPositionOfHitTarget": [
                -3.0177648067474367,
                -19.916667938232423,
                10.013334274291993
            ],
            "raycastDirection": [
                -0.9998477697372437,
                0.0,
                0.017452239990234376
            ]
        },
        {
            "frameIndex": 13,
            "timestamp": 7.007455825805664,
            "triangleIndex": -1,
            "hitID": "Agent2",
            "agentID": "Agent2",
            "localPositionOfHitPosition": [
                -0.007055998779833317,
                0.9166679382324219,
                0.49995020031929018
            ],
            "localPositionOfHitTarget": [
                -1.9457526206970215,
                -19.916667938232423,
                10.002503395080567
            ],
            "raycastDirection": [
                -0.9998477697372437,
                0.0,
                0.017452239990234376
            ]
        },
        {
            "frameIndex": 14,
            "timestamp": 7.507455825805664,
            "triangleIndex": -1,
            "hitID": "Agent2",
            "agentID": "Agent2",
            "localPositionOfHitPosition": [
                10.013510704040528,
                19.916667938232423,
                0.8805503845214844
            ],
            "localPositionOfHitTarget": [
                -0.8791996836662293,
                -19.916667938232423,
                10.013628005981446
            ],
            "raycastDirection": [
                -0.9998477697372437,
                0.0,
                0.017452239990234376
            ]
        },
        {
            "frameIndex": 15,
            "timestamp": 8.007455825805664,
            "triangleIndex": -1,
            "hitID": "Agent2",
            "agentID": "Agent2",
            "localPositionOfHitPosition": [
                9.805614471435547,
                19.916667938232423,
                0.1982583999633789
            ],
            "localPositionOfHitTarget": [
                -0.22478772699832917,
                -19.916667938232423,
                9.805041313171387
            ],
            "raycastDirection": [
                -0.9998477697372437,
                0.0,
                0.017452239990234376
            ]
        },
        {
            "frameIndex": 16,
            "timestamp": 8.507455825805664,
            "triangleIndex": -1,
            "hitID": "Agent2",
            "agentID": "Agent2",
            "localPositionOfHitPosition": [
                9.782869338989258,
                19.91666603088379,
                -0.7897396087646484
            ],
            "localPositionOfHitTarget": [
                0.7598496675491333,
                -19.91666603088379,
                9.785236358642579
            ],
            "raycastDirection": [
                -0.9998477697372437,
                0.0,
                0.017452239990234376
            ]
        },
        {
            "frameIndex": 34,
            "timestamp": 17.507457733154298,
            "triangleIndex": -1,
            "hitID": "Agent4",
            "agentID": "Agent4",
            "localPositionOfHitPosition": [
                0.4114256501197815,
                0.9166679382324219,
                -0.2841287851333618
            ],
            "localPositionOfHitTarget": [
                0.5804353952407837,
                -19.916667938232423,
                -10.081075668334961
            ],
            "raycastDirection": [
                0.4226183295249939,
                0.0,
                -0.9063078165054321
            ]
        },
        {
            "frameIndex": 59,
            "timestamp": 30.007457733154298,
            "triangleIndex": -1,
            "hitID": "Jeep2",
            "agentID": "Jeep2",
            "localPositionOfHitPosition": [
                1.375000238418579,
                1.0000038146972657,
                -0.7280499339103699
            ],
            "localPositionOfHitTarget": [
                -1.8740415573120118,
                -20.0,
                2.5
            ],
            "raycastDirection": [
                -1.676316863097327e-8,
                0.0,
                -1.0
            ]
        },
        {
            "frameIndex": 104,
            "timestamp": 52.5074577331543,
            "triangleIndex": -1,
            "hitID": "Sedan2",
            "agentID": "Sedan2",
            "localPositionOfHitPosition": [
                1.3750146627426148,
                1.0,
                3.2499961853027345
            ],
            "localPositionOfHitTarget": [
                19.09791374206543,
                -20.0,
                2.5
            ],