{
    "name": "Low-Male-Safe-SameSide",
    "modelID": "LowMale",
    "modelBehavior": "Safe",
    "modelPathIndex": 6,
    "participantStartPositionID": "North",
    "duration": -19.625,
    "participantGazeData": [
        {
            "frameIndex": 4,
            "timestamp": 2.5,
            "triangleIndex": 2102,
            "hitID": "LowMale_KneeLeft",
            "agentID": "LowMale",
            "localPositionOfHitPosition": [
                -0.05358271673321724,
                -0.1017581969499588,
                -0.2604738771915436
            ],
            "localPositionOfHitTarget": [
                -3.2887328416109087e-9,
                0.38650745153427126,
                -1.979060471057892e-9
            ],
            "raycastDirection": [
                -0.9135458469390869,
                0.0,
                -0.4067361354827881
            ]
        },
        {
            "frameIndex": 5,
            "timestamp": 3.0,
            "triangleIndex": -1,
            "hitID": "Car1",
            "agentID": "Car1",
            "localPositionOfHitPosition": [
                1.3750014305114747,
                1.0,
                -0.6817223429679871
            ],
            "localPositionOfHitTarget": [
                -2.2907066345214845,
                -20.0,
                2.5
            ],
            "raycastDirection": [
                -0.7660449743270874,
                0.0,
                -0.6427873373031616
            ]
        },
        {
            "frameIndex": 6,
            "timestamp": 3.5,
            "triangleIndex": -1,
            "hitID": "Car1",
            "agentID": "Car1",
            "localPositionOfHitPosition": [
                0.48612743616104128,
                1.0,
                -3.0000033378601076
            ],
            "localPositionOfHitTarget": [
                -7.290687561035156,
                -20.0,
                2.5
            ],
            "raycastDirection": [
                -0.7880112528800964,
                0.0,
                -0.6156610250473023
            ]
        },
        {
            "frameIndex": 7,
            "timestamp": 4.0,
            "triangleIndex": 988,
            "hitID": "LowMale_ThighLeft",
            "agentID": "LowMale",
            "localPositionOfHitPosition": [
                -0.12844713032245637,
                0.13065595924854279,
                -0.019634021446108819
            ],
            "localPositionOfHitTarget": [
                -0.09210020303726196,
                -0.007194847799837589,
                0.001282284501940012
            ],
            "raycastDirection": [
                -0.8290380835533142,
                0.0,
                -0.559192419052124
            ]
        },
        {
            "frameIndex": 11,
            "timestamp": 6.0,
            "triangleIndex": -1,
            "hitID": "Jeep2",
            "agentID": "Jeep2",
            "localPositionOfHitPosition": [
                1.3755754232406617,
                1.0,
                2.8499813079833986
            ],
            "localPositionOfHitTarget": [
                -8.403731346130371,
                -20.0,
                -2.5
            ],
            "raycastDirection": [
                -0.5299201011657715,
                0.0,
                -0.8480478525161743
            ]
        },
        {
            "frameIndex": 12,
            "timestamp": 6.5,
            "triangleIndex": -1,
            "hitID": "Jeep2",
            "agentID": "Jeep2",
            "localPositionOfHitPosition": [
                -1.3750020265579224,
                1.0,
                0.2533305883407593
            ],
            "localPositionOfHitTarget": [
                -3.264833450317383,
                -20.0,
                -2.5
            ],
            "raycastDirection": [
                -0.5299201011657715,
                0.0,
                -0.8480478525161743
            ]
        },
        {
            "frameIndex": 20,
            "timestamp": 10.5,
            "triangleIndex": -1,
            "hitID": "Car2",
            "agentID": "Car2",
            "localPositionOfHitPosition": [
                1.3750008344650269,
                1.0,
                2.1637229919433595
            ],
            "localPositionOfHitTarget": [
                3.6815097332000734,
                -20.0,
                2.5
            ],
            "raycastDirection": [
                -0.1736491471529007,
                0.0,
                -0.9848078489303589
            ]
        },
        {
            "frameIndex": 21,
            "timestamp": 11.0,
            "triangleIndex": -1,
            "hitID": "Car2",
            "agentID": "Car2",
            "localPositionOfHitPosition": [
                1.3750005960464478,
                1.0,
                -2.697388172149658
            ],
            "localPositionOfHitTarget": [
                -1.1795997619628907,
                -20.0,
                2.5
            ],
            "raycastDirection": [
                -0.1736491471529007,
                0.0,
                -0.9848078489303589
            ]
        },
        {
            "frameIndex": 29,
            "timestamp": 15.0,
            "triangleIndex": -1,
            "hitID": "Jeep4",
            "agentID": "Jeep4",
            "localPositionOfHitPosition": [
                -1.3750015497207642,
                1.0,
                -0.3473612070083618
            ],
            "localPositionOfHitTarget": [
                0.762934684753418,
                -20.0,
                -2.5
            ],
            "raycastDirection": [
                -0.1736491471529007,
                0.0,
                -0.9848078489303589
            ]
        }
    ],
    "attempts": [
        {
            "startTime": 16.65277862548828,
            "endTime": 18.72222137451172,
            "successful": true,
            "reason": ""
        }
    ]
}