{
    "name": "Training",
    "modelID": "No Agent",
    "modelBehavior": "Safe",
    "modelPathIndex": 0,
    "participantStartPositionID": "North",
    "duration": -14.414470672607422,
    "participantGazeData": [
        {
            "frameIndex": 11,
            "timestamp": 6.011692047119141,
            "triangleIndex": -1,
            "hitID": "MicroBus3",
            "agentID": "MicroBus3",
            "localPositionOfHitPosition": [
                -1.3750020265579224,
                1.0,
                3.4750027656555177
            ],
            "localPositionOfHitTarget": [
                -41.4587516784668,
                -20.0,
                -2.5
            ],
            "raycastDirection": [
                -0.9612618684768677,
                0.0,
                -0.27563726902008059
            ]
        },
        {
            "frameIndex": 12,
            "timestamp": 6.511692047119141,
            "triangleIndex": -1,
            "hitID": "MicroBus3",
            "agentID": "MicroBus3",
            "localPositionOfHitPosition": [
                -1.3750014305114747,
                1.0,
                -0.5950242877006531
            ],
            "localPositionOfHitTarget": [
                -36.458770751953128,
                -20.0,
                -2.5
            ],
            "raycastDirection": [
                -0.9612618684768677,
                0.0,
                -0.27563726902008059
            ]
        },
        {
            "frameIndex": 13,
            "timestamp": 7.011692047119141,
            "triangleIndex": -1,
            "hitID": "SportsCar4",
            "agentID": "SportsCar4",
            "localPositionOfHitPosition": [
                -0.08940649777650833,
                1.0,
                -2.9000027179718019
            ],
            "localPositionOfHitTarget": [
                -14.65177059173584,
                -20.0,
                2.5
            ],
            "raycastDirection": [
                -0.8290379047393799,
                0.0,
                -0.5591925382614136
            ]
        },
        {
            "frameIndex": 17,
            "timestamp": 9.01169204711914,
            "triangleIndex": -1,
            "hitID": "MicroBus3",
            "agentID": "MicroBus3",
            "localPositionOfHitPosition": [
                -1.3750048875808716,
                1.0,
                3.475003242492676
            ],
            "localPositionOfHitTarget": [
                -11.32021713256836,
                -20.0,
                -2.5
            ],
            "raycastDirection": [
                -0.5877858400344849,
                0.0,
                -0.8090165853500366
            ]
        },
        {
            "frameIndex": 18,
            "timestamp": 9.51169204711914,
            "triangleIndex": -1,
            "hitID": "MicroBus3",
            "agentID": "MicroBus3",
            "localPositionOfHitPosition": [
                -1.3750040531158448,
                1.0,
                2.8679237365722658
            ],
            "localPositionOfHitTarget": [
                -6.320201873779297,
                -20.0,
                -2.5
            ],
            "raycastDirection": [
                -0.30901774764060976,
                0.0,
                -0.9510565996170044
            ]
        },
        {
            "frameIndex": 19,
            "timestamp": 10.01169204711914,
            "triangleIndex": -1,
            "hitID": "MicroBus3",
            "agentID": "MicroBus3",
            "localPositionOfHitPosition": [
                -1.375003695487976,
                1.0,
                3.4749999046325685
            ],
            "localPositionOfHitTarget": [
                -1.3202095031738282,
                -20.0,
                -2.5
            ],
            "raycastDirection": [
                0.20791095495224,
                0.0,
                -0.9781478643417358
            ]
        }
    ],
    "attempts": [
        {
            "startTime": 11.470024108886719,
            "endTime": 13.51169204711914,
            "successful": true,
            "reason": ""
        }
    ]
}