{
    "name": "Training",
    "modelID": "No Agent",
    "modelBehavior": "Safe",
    "modelPathIndex": 0,
    "participantStartPositionID": "North",
    "duration": -11.810091018676758,
    "participantGazeData": [
        {
            "frameIndex": 0,
            "timestamp": 0.5045355558395386,
            "triangleIndex": -1,
            "hitID": "Agent5",
            "agentID": "Agent5",
            "localPositionOfHitPosition": [
                0.0002509504556655884,
                0.9166679382324219,
                0.499999463558197
            ],
            "localPositionOfHitTarget": [
                -0.5721724033355713,
                -19.916667938232423,
                29.096826553344728
            ],
            "raycastDirection": [
                0.0,
                0.0,
                1.0
            ]
        },
        {
            "frameIndex": 1,
            "timestamp": 1.0045355558395386,
            "triangleIndex": -1,
            "hitID": "Agent5",
            "agentID": "Agent5",
            "localPositionOfHitPosition": [
                0.14019310474395753,
                0.9166679382324219,
                0.47994351387023928
            ],
            "localPositionOfHitTarget": [
                -0.16102710366249085,
                -19.916667938232423,
                28.131053924560548
            ],
            "raycastDirection": [
                0.0,
                0.0,
                1.0
            ]
        },
        {
            "frameIndex": 14,
            "timestamp": 7.504536151885986,
            "triangleIndex": -1,
            "hitID": "SportsCar2",
            "agentID": "SportsCar2",
            "localPositionOfHitPosition": [
                -0.8535429239273071,
                1.0,
                3.5000014305114748
            ],
            "localPositionOfHitTarget": [
                8.125960350036621,
                -20.0,
                2.5
            ],
            "raycastDirection": [
                0.3746069371700287,
                0.0,
                -0.927183985710144
            ]
        },
        {
            "frameIndex": 15,
            "timestamp": 8.018424034118653,
            "triangleIndex": -1,
            "hitID": "SportsCar2",
            "agentID": "SportsCar2",
            "localPositionOfHitPosition": [
                1.3750011920928956,
                1.0,
                0.9716562032699585
            ],
            "localPositionOfHitTarget": [
                2.9870567321777345,
                -20.0,
                2.5
            ],
            "raycastDirection": [
                0.24192224442958833,
                0.0,
                -0.9702959060668945
            ]
        },
        {
            "frameIndex": 16,
            "timestamp": 8.518424034118653,
            "triangleIndex": -1,
            "hitID": "SportsCar2",
            "agentID": "SportsCar2",
            "localPositionOfHitPosition": [
                1.3750003576278687,
                1.0,
                -2.5000009536743166
            ],
            "localPositionOfHitTarget": [
                -2.012929916381836,
                -20.0,
                2.5
            ],
            "raycastDirection": [
                3.5549288668335068e-7,
                0.0,
                -1.0
            ]
        }
    ],
    "attempts": [
        {
            "startTime": 8.865646362304688,
            "endTime": 10.907313346862793,
            "successful": true,
            "reason": ""
        }
    ]
}