{
    "name": "Training",
    "modelID": "No Agent",
    "modelBehavior": "Safe",
    "modelPathIndex": 0,
    "participantStartPositionID": "North",
    "duration": -16.837961196899415,
    "participantGazeData": [
        {
            "frameIndex": 0,
            "timestamp": 0.5046286582946777,
            "triangleIndex": -1,
            "hitID": "Agent6",
            "agentID": "Agent6",
            "localPositionOfHitPosition": [
                -0.134287029504776,
                0.9166679382324219,
                0.4816301465034485
            ],
            "localPositionOfHitTarget": [
                -0.6194106936454773,
                -19.916667938232423,
                29.065284729003908
            ],
            "raycastDirection": [
                0.0,
                0.0,
                1.0
            ]
        },
        {
            "frameIndex": 1,
            "timestamp": 1.0046286582946778,
            "triangleIndex": -1,
            "hitID": "Agent6",
            "agentID": "Agent6",
            "localPositionOfHitPosition": [
                0.08945782482624054,
                0.9166679382324219,
                0.4919315278530121
            ],
            "localPositionOfHitTarget": [
                -0.21449950337409974,
                -19.916667938232423,
                28.1232852935791
            ],
            "raycastDirection": [
                0.0,
                0.0,
                1.0
            ]
        },
        {
            "frameIndex": 2,
            "timestamp": 1.5046286582946778,
            "triangleIndex": -1,
            "hitID": "Agent6",
            "agentID": "Agent6",
            "localPositionOfHitPosition": [
                0.27411413192749026,
                0.9166660308837891,
                0.41816288232803347
            ],
            "localPositionOfHitTarget": [
                0.18313173949718476,
                -19.91666603088379,
                27.1463623046875
            ],
            "raycastDirection": [
                0.0,
                0.0,
                1.0
            ]
        },
        {
            "frameIndex": 3,
            "timestamp": 2.0046286582946779,
            "triangleIndex": -1,
            "hitID": "Agent6",
            "agentID": "Agent6",
            "localPositionOfHitPosition": [
                0.43459829688072207,
                0.9166660308837891,
                0.2472313642501831
            ],
            "localPositionOfHitTarget": [
                0.6113287806510925,
                -19.91666603088379,
                26.15233039855957
            ],
            "raycastDirection": [
                0.0,
                0.0,
                1.0
            ]
        },
        {
            "frameIndex": 9,
            "timestamp": 5.004628658294678,
            "triangleIndex": -1,
            "hitID": "Agent6",
            "agentID": "Agent6",
            "localPositionOfHitPosition": [
                0.3463553786277771,
                0.9166660308837891,
                0.36060553789138796
            ],
            "localPositionOfHitTarget": [
                3.051814556121826,
                -19.91666603088379,
                20.31507682800293
            ],
            "raycastDirection": [
                0.2756373882293701,
                0.0,
                0.9612616896629334
            ]
        },
        {
            "frameIndex": 10,
            "timestamp": 5.504628658294678,
            "triangleIndex": -1,
            "hitID": "Agent2",
            "agentID": "Agent2",
            "localPositionOfHitPosition": [
                0.4107549786567688,
                0.9166660308837891,
                -0.2851012349128723
            ],
            "localPositionOfHitTarget": [
                5.628085613250732,
                -19.91666603088379,
                16.231901168823243
            ],
            "raycastDirection": [
                0.6691307425498962,
                0.0,
                0.7431447505950928
            ]
        },
        {
            "frameIndex": 11,
            "timestamp": 6.004628658294678,
            "triangleIndex": -1,
            "hitID": "Agent2",
            "agentID": "Agent2",
            "localPositionOfHitPosition": [
                -0.051130883395671847,
                0.9166660308837891,
                -0.49737709760665896
            ],
            "localPositionOfHitTarget": [
                6.669432640075684,
                -19.91666603088379,
                16.107040405273439
            ],
            "raycastDirection": [
                0.6691307425498962,
                0.0,
                0.7431447505950928
            ]
        },
        {
            "frameIndex": 13,
            "timestamp": 7.004628658294678,
            "triangleIndex": -1,
            "hitID": "Agent6",
            "agentID": "Agent6",
            "localPositionOfHitPosition": [
                0.23137232661247254,
                0.9166660308837891,
                0.44324731826782229
            ],
            "localPositionOfHitTarget": [
                4.780462741851807,
                -19.91666603088379,
                16.539119720458986
            ],
            "raycastDirection": [
                0.6691307425498962,
                0.0,
                0.7431447505950928
            ]
        },
        {
            "frameIndex": 15,
            "timestamp": 8.004629135131836,
            "triangleIndex": -1,
            "hitID": "Agent6",
            "agentID": "Agent6",
            "localPositionOfHitPosition": [
                0.19366087019443513,
                0.9166660308837891,
                -0.46097058057785036
            ],
            "localPositionOfHitTarget": [
                6.612084865570068,
                -19.91666603088379,
                16.13095474243164
            ],
            "raycastDirection": [
                0.6946584582328796,
                0.0,
                0.7193397283554077
            ]
        },
        {
            "frameIndex": 21,
            "timestamp": 11.004629135131836,
            "triangleIndex": -1,
            "hitID": "Jeep4",
            "agentID": "Jeep4",
            "localPositionOfHitPosition": [
                -1.375002145767212,
                1.0,
                -0.7073609232902527
            ],
            "localPositionOfHitTarget": [
                -6.459288120269775,
                -20.0,
                -2.5
            ],
            "raycastDirection": [
                -0.559192955493927,
                0.0,
                -0.8290379047393799
            ]
        },
        {
            "frameIndex": 22,
            "timestamp": 11.504629135131836,
            "triangleIndex": -1,
            "hitID": "Jeep4",
            "agentID": "Jeep4",
            "localPositionOfHitPosition": [
                -1.3750028610229493,
                1.0,
                0.48142969608306887
            ],
            "localPositionOfHitTarget": [
                -1.5981616973876954,
                -20.0,
                -2.5
            ],
            "raycastDirection": [
                -0.10452849417924881,
                0.0,
                -0.9945220947265625
            ]
        }
    ],
    "attempts": [
        {
            "startTime": 13.893516540527344,
            "endTime": 15.935184478759766,
            "successful": true,
            "reason": ""
        }
    ]
}