{
    "name": "Low-Male-Safe-SameSide",
    "modelID": "LowMale",
    "modelBehavior": "Safe",
    "modelPathIndex": 6,
    "participantStartPositionID": "North",
    "duration": -10.375001907348633,
    "participantGazeData": [
        {
            "frameIndex": 4,
            "timestamp": 2.5,
            "triangleIndex": 879,
            "hitID": "LowMale_ThighRight",
            "agentID": "LowMale",
            "localPositionOfHitPosition": [
                0.12090729922056198,
                0.136005237698555,
                0.34706559777259829
            ],
            "localPositionOfHitTarget": [
                0.09210020303726196,
                -0.007194847334176302,
                0.001282328274101019
            ],
            "raycastDirection": [
                -0.6427873969078064,
                0.0,
                -0.7660448551177979
            ]
        },
        {
            "frameIndex": 5,
            "timestamp": 3.0,
            "triangleIndex": 758,
            "hitID": "LowMale_ThighLeft",
            "agentID": "LowMale",
            "localPositionOfHitPosition": [
                -0.15303121507167817,
                0.14553920924663545,
                0.19125312566757203
            ],
            "localPositionOfHitTarget": [
                -0.09210020303726196,
                -0.007194847799837589,
                0.001282284501940012
            ],
            "raycastDirection": [
                -0.3420198857784271,
                0.0,
                -0.9396929740905762
            ]
        },
        {
            "frameIndex": 6,
            "timestamp": 3.5,
            "triangleIndex": -1,
            "hitID": "MicroBus4",
            "agentID": "MicroBus4",
            "localPositionOfHitPosition": [
                1.3750017881393433,
                1.0,
                1.7913159132003785
            ],
            "localPositionOfHitTarget": [
                -0.3464394807815552,
                -20.0,
                2.5
            ],
            "raycastDirection": [
                -0.30901670455932619,
                0.0,
                -0.9510568380355835
            ]
        },
        {
            "frameIndex": 7,
            "timestamp": 4.0,
            "triangleIndex": -1,
            "hitID": "MicroBus4",
            "agentID": "MicroBus4",
            "localPositionOfHitPosition": [
                1.375001072883606,
                1.0,
                -3.0697779655456545
            ],
            "localPositionOfHitTarget": [
                -5.207531929016113,
                -20.0,
                2.5
            ],
            "raycastDirection": [
                -0.30901670455932619,
                0.0,
                -0.9510568380355835
            ]
        },
        {
            "frameIndex": 8,
            "timestamp": 4.5,
            "triangleIndex": 846,
            "hitID": "LowMale_ThighLeft",
            "agentID": "LowMale",
            "localPositionOfHitPosition": [
                -0.13875600695610047,
                0.06076434999704361,
                0.0709022656083107
            ],
            "localPositionOfHitTarget": [
                -0.09210020303726196,
                -0.007194847799837589,
                0.001282284501940012
            ],
            "raycastDirection": [
                -0.2079113870859146,
                0.0,
                -0.9781476259231567
            ]
        },
        {
            "frameIndex": 9,
            "timestamp": 5.000001907348633,
            "triangleIndex": 1979,
            "hitID": "LowMale_Hips",
            "agentID": "LowMale",
            "localPositionOfHitPosition": [
                -0.003652601270005107,
                0.008071377873420716,
                -0.16126704216003419
            ],
            "localPositionOfHitTarget": [
                -1.1515580156107319e-11,
                -0.02018296718597412,
                0.9782444834709168
            ],
            "raycastDirection": [
                -0.3420199155807495,
                0.0,
                -0.9396929740905762
            ]
        },
        {
            "frameIndex": 11,
            "timestamp": 6.000001907348633,
            "triangleIndex": 853,
            "hitID": "LowMale_ThighRight",
            "agentID": "LowMale",
            "localPositionOfHitPosition": [
                0.09297245740890503,
                0.10086125135421753,
                0.1556246280670166
            ],
            "localPositionOfHitTarget": [
                0.09210020303726196,
                -0.007194847334176302,
                0.001282328274101019
            ],
            "raycastDirection": [
                -0.37460634112358096,
                0.0,
                -0.9271842241287231
            ]
        },
        {
            "frameIndex": 14,
            "timestamp": 7.500001907348633,
            "triangleIndex": -1,
            "hitID": "Sedan4",
            "agentID": "Sedan4",
            "localPositionOfHitPosition": [
                -1.3750026226043702,
                1.0000362396240235,
                0.8415120840072632
            ],
            "localPositionOfHitTarget": [
                -0.3479909896850586,
                -20.0,
                -2.5
            ],
            "raycastDirection": [
                0.1045287698507309,
                0.0,
                -0.9945220947265625
            ]
        },
        {
            "frameIndex": 15,
            "timestamp": 8.000001907348633,
            "triangleIndex": -1,
            "hitID": "Sedan4",
            "agentID": "Sedan4",
            "localPositionOfHitPosition": [
                1.3557754755020142,
                1.0,
                -3.1800012588500978
            ],
            "localPositionOfHitTarget": [
                4.513090133666992,
                -20.0,
                -2.5
            ],
            "raycastDirection": [
                0.1045287698507309,
                0.0,
                -0.9945220947265625
            ]
        }
    ],
    "attempts": [
        {
            "startTime": 7.43055534362793,
            "endTime": 9.486112594604493,
            "successful": true,
            "reason": ""
        }
    ]
}