{
    "name": "Training",
    "modelID": "No Agent",
    "modelBehavior": "Safe",
    "modelPathIndex": 0,
    "participantStartPositionID": "North",
    "duration": -15.16254711151123,
    "participantGazeData": [
        {
            "frameIndex": 1,
            "timestamp": 1.0097689628601075,
            "triangleIndex": -1,
            "hitID": "Agent5",
            "agentID": "Agent5",
            "localPositionOfHitPosition": [
                -0.3247188925743103,
                0.9166679382324219,
                0.3802049160003662
            ],
            "localPositionOfHitTarget": [
                -2.4342892169952394,
                -19.916667938232423,
                28.572940826416017
            ],
            "raycastDirection": [
                -0.10452846437692642,
                0.0,
                0.9945219159126282
            ]
        },
        {
            "frameIndex": 12,
            "timestamp": 6.52365779876709,
            "triangleIndex": -1,
            "hitID": "MicroBus4",
            "agentID": "MicroBus4",
            "localPositionOfHitPosition": [
                -1.3750038146972657,
                1.0,
                2.2345292568206789
            ],
            "localPositionOfHitTarget": [
                -8.542444229125977,
                -20.0,
                -2.5
            ],
            "raycastDirection": [
                -0.5299189686775208,
                0.0,
                -0.8480485677719116
            ]
        },
        {
            "frameIndex": 13,
            "timestamp": 7.02365779876709,
            "triangleIndex": -1,
            "hitID": "MicroBus4",
            "agentID": "MicroBus4",
            "localPositionOfHitPosition": [
                -1.3750014305114747,
                1.0,
                -2.2702879905700685
            ],
            "localPositionOfHitTarget": [
                -3.542428970336914,
                -20.0,
                -2.5
            ],
            "raycastDirection": [
                -0.4999997019767761,
                0.0,
                -0.8660258054733276
            ]
        },
        {
            "frameIndex": 14,
            "timestamp": 7.52365779876709,
            "triangleIndex": -1,
            "hitID": "MicroBus4",
            "agentID": "MicroBus4",
            "localPositionOfHitPosition": [
                -1.3750004768371583,
                1.0,
                -1.6785732507705689
            ],
            "localPositionOfHitTarget": [
                1.3186579942703248,
                -20.0,
                -2.5
            ],
            "raycastDirection": [
                -0.03489913418889046,
                0.0,
                -0.9993910789489746
            ]
        },
        {
            "frameIndex": 15,
            "timestamp": 8.02365779876709,
            "triangleIndex": -1,
            "hitID": "MicroBus4",
            "agentID": "MicroBus4",
            "localPositionOfHitPosition": [
                0.5029976963996887,
                1.0,
                -3.7250006198883058
            ],
            "localPositionOfHitTarget": [
                6.457527160644531,
                -20.0,
                -2.5
            ],
            "raycastDirection": [
                0.17364853620529176,
                0.0,
                -0.9848078489303589
            ]
        },
        {
            "frameIndex": 27,
            "timestamp": 14.02365779876709,
            "triangleIndex": -1,
            "hitID": "Jeep3",
            "agentID": "Jeep3",
            "localPositionOfHitPosition": [
                0.5589719414710999,
                1.0,
                2.8500025272369386
            ],
            "localPositionOfHitTarget": [
                -12.153728485107422,
                -20.0,
                -2.5
            ],
            "raycastDirection": [
                -0.7193396091461182,
                0.0,
                0.694658637046814
            ]
        },
        {
            "frameIndex": 28,
            "timestamp": 14.52365779876709,
            "triangleIndex": -1,
            "hitID": "Jeep3",
            "agentID": "Jeep3",
            "localPositionOfHitPosition": [
                -1.3195775747299195,
                1.0,
                2.850001335144043
            ],
            "localPositionOfHitTarget": [
                -7.014830589294434,
                -20.0,
                -2.5
            ],
            "raycastDirection": [
                -0.3090168535709381,
                0.0,
                0.9510565400123596
            ]
        },
        {
            "frameIndex": 29,
            "timestamp": 15.02365779876709,
            "triangleIndex": -1,
            "hitID": "Jeep3",
            "agentID": "Jeep3",
            "localPositionOfHitPosition": [
                1.375002384185791,
                1.0,
                0.8694339990615845
            ],
            "localPositionOfHitTarget": [
                -2.153726577758789,
                -20.0,
                -2.5
            ],
            "raycastDirection": [
                -0.10452832281589508,
                0.0,
                0.9945219159126282
            ]
        }
    ],
    "attempts": [
        {
            "startTime": 8.64865779876709,
            "endTime": 10.70421314239502,
            "successful": true,
            "reason": ""
        }
    ]
}