{
    "startTime": 1.5802408456802369,
    "endTime": 3.887812614440918,
    "allData": [
        {
            "parentID": "Head",
            "gazePoints": [
                {
                    "timestamp": 0.0,
                    "parentID": "Head",
                    "localPosition": {
                        "x": -0.024036753922700883,
                        "y": -0.04396754503250122,
                        "z": 0.16907481849193574
                    },
                    "normal": {
                        "x": 0.8850897550582886,
                        "y": 0.0591045506298542,
                        "z": 0.4616524875164032
                    },
                    "clusterIndex": -1
                },
                {
                    "timestamp": 0.10305488109588623,
                    "parentID": "Head",
                    "localPosition": {
                        "x": -0.026250552386045457,
                        "y": -0.037678688764572147,
                        "z": 0.1700381338596344
                    },
                    "normal": {
                        "x": 0.9171692728996277,
                        "y": 0.07134374976158142,
                        "z": 0.39205971360206606
                    },
                    "clusterIndex": -1
                },
                {
                    "timestamp": 0.20818400382995606,
                    "parentID": "Head",
                    "localPosition": {
                        "x": -0.02673393487930298,
                        "y": -0.029746681451797487,
                        "z": 0.18382476270198823
                    },
                    "normal": {
                        "x": 0.9524710178375244,
                        "y": 0.18199212849140168,
                        "z": 0.24429085850715638
                    },
                    "clusterIndex": -1
                },
                {
                    "timestamp": 0.3243520259857178,
                    "parentID": "Head",
                    "localPosition": {
                        "x": -0.020085355266928674,
                        "y": -0.022962048649787904,
                        "z": 0.17957167327404023
                    },
                    "normal": {
                        "x": 0.9518443942070007,
                        "y": 0.19003336131572724,
                        "z": 0.2405821830034256
                    },
                    "clusterIndex": -1
                },
                {
                    "timestamp": 0.42828094959259035,
                    "parentID": "Head",
                    "localPosition": {
                        "x": -0.01347615197300911,
                        "y": -0.02590787410736084,
                        "z": 0.18057411909103394
                    },
                    "normal": {
                        "x": 0.9575949907302856,
                        "y": 0.1467214971780777,
                        "z": 0.2479609102010727
                    },
                    "clusterIndex": -1
                },
                {
                    "timestamp": 0.5323199033737183,
                    "parentID": "Head",
                    "localPosition": {
                        "x": -0.005567035637795925,
                        "y": -0.036250367760658267,
                        "z": 0.1800207644701004
                    },
                    "normal": {
                        "x": 0.9295090436935425,
                        "y": 0.1012401357293129,
                        "z": 0.3546313941478729
                    },
                    "clusterIndex": -1
                },
                {
                    "timestamp": 0.634339451789856,
                    "parentID": "Head",
                    "localPosition": {
                        "x": 0.008377199992537499,
                        "y": -0.046943455934524539,
                        "z": 0.1767035722732544
                    },
                    "normal": {
                        "x": 0.918585479259491,
                        "y": 0.003846309380605817,
                        "z": -0.3952036499977112
                    },
                    "clusterIndex": -1
                },
                {
                    "timestamp": 0.7353643178939819,
                    "parentID": "Head",
                    "localPosition": {
                        "x": 0.02096654288470745,
                        "y": -0.04582267999649048,
                        "z": 0.17267142236232758
                    },
                    "normal": {
                        "x": 0.871895968914032,
                        "y": 0.03313455358147621,
                        "z": -0.4885689318180084
                    },
                    "clusterIndex": -1
                },
                {
                    "timestamp": 0.8374148607254028,
                    "parentID": "Head",
                    "localPosition": {
                        "x": 0.02446410246193409,
                        "y": -0.038150936365127566,
                        "z": 0.18103890120983125
                    },
                    "normal": {
                        "x": 0.9546563625335693,
                        "y": 0.1198921948671341,
                        "z": -0.2725019156932831
                    },
                    "clusterIndex": -1
                },
                {
                    "timestamp": 0.9378806352615356,
                    "parentID": "Head",
                    "localPosition": {
                        "x": 0.022824279963970186,
                        "y": -0.02719736099243164,
                        "z": 0.1866171807050705
                    },
                    "normal": {
                        "x": 0.9405641555786133,
                        "y": 0.1917467713356018,
                        "z": -0.2803075611591339
                    },
                    "clusterIndex": -1
                },
                {
                    "timestamp": 1.0407732725143433,
                    "parentID": "Head",
                    "localPosition": {
                        "x": 0.017145060002803804,
                        "y": -0.02527138590812683,
                        "z": 0.1834932416677475
                    },
                    "normal": {
                        "x": 0.9403352737426758,
                        "y": 0.17022626101970673,
                        "z": -0.29460617899894717
                    },
                    "clusterIndex": -1
                },
                {
                    "timestamp": 1.1432827711105347,
                    "parentID": "Head",
                    "localPosition": {
                        "x": 0.01055547408759594,
                        "y": -0.02541378140449524,
                        "z": 0.17912918329238892
                    },
                    "normal": {
                        "x": 0.9125832319259644,
                        "y": 0.12629710137844087,
                        "z": -0.38889703154563906
                    },
                    "clusterIndex": -1
                },
                {
                    "timestamp": 1.2452830076217652,
                    "parentID": "Head",
                    "localPosition": {
                        "x": 0.007075357250869274,
                        "y": -0.03604330122470856,
                        "z": 0.17833676934242249
                    },
                    "normal": {
                        "x": 0.8786421418190002,
                        "y": 0.0794980525970459,
                        "z": -0.4708164632320404
                    },
                    "clusterIndex": -1
                },
                {
                    "timestamp": 1.349993348121643,
                    "parentID": "Head",
                    "localPosition": {
                        "x": 0.006891511380672455,
                        "y": -0.043489351868629459,