{
    "startTime": 38.7004508972168,
    "endTime": 89.89342498779297,
    "allData": []
}