{
    "name": "Low-Female-Safe-SameSide",
    "modelID": "LowFem",
    "modelBehavior": "Safe",
    "modelPathIndex": 0,
    "participantStartPositionID": "South",
    "duration": -12.291667938232422,
    "participantGazeData": [
        {
            "frameIndex": 0,
            "timestamp": 0.506378173828125,
            "triangleIndex": -1,
            "hitID": "Agent7",
            "agentID": "Agent7",
            "localPositionOfHitPosition": [
                -0.38414520025253298,
                0.9166679382324219,
                0.32005101442337038
            ],
            "localPositionOfHitTarget": [
                -0.5078943967819214,
                -19.916667938232423,
                25.345483779907228
            ],
            "raycastDirection": [
                0.0,
                0.0,
                1.0
            ]
        },
        {
            "frameIndex": 6,
            "timestamp": 3.5202670097351076,
            "triangleIndex": -1,
            "hitID": "SportsCar5",
            "agentID": "SportsCar5",
            "localPositionOfHitPosition": [
                -1.3750029802322388,
                1.0,
                0.10274946689605713
            ],
            "localPositionOfHitTarget": [
                -3.4037275314331056,
                -20.0,
                -2.5
            ],
            "raycastDirection": [
                -0.3090165853500366,
                0.0,
                -0.9510565996170044
            ]
        },
        {
            "frameIndex": 7,
            "timestamp": 4.0,
            "triangleIndex": -1,
            "hitID": "SportsCar1",
            "agentID": "SportsCar1",
            "localPositionOfHitPosition": [
                1.3750014305114747,
                1.0,
                1.1065552234649659
            ],
            "localPositionOfHitTarget": [
                -5.209270477294922,
                -20.0,
                -2.5
            ],
            "raycastDirection": [
                -0.7660446763038635,
                0.0,
                0.6427873969078064
            ]
        },
        {
            "frameIndex": 15,
            "timestamp": 8.0,
            "triangleIndex": -1,
            "hitID": "Jeep2",
            "agentID": "Jeep2",
            "localPositionOfHitPosition": [
                0.07595325261354447,
                1.0,
                2.850001573562622
            ],
            "localPositionOfHitTarget": [
                7.2926130294799809,
                -20.0,
                2.5
            ],
            "raycastDirection": [
                0.13917221128940583,
                0.0,
                0.9902681708335877
            ]
        },
        {
            "frameIndex": 16,
            "timestamp": 8.5,
            "triangleIndex": 1675,
            "hitID": "LowFem_ThighRight",
            "agentID": "LowFemMesh",
            "localPositionOfHitPosition": [
                0.06962033361196518,
                0.10659313201904297,
                -0.0471455380320549
            ],
            "localPositionOfHitTarget": [
                0.09209999442100525,
                -0.01727670431137085,
                0.001984629314392805
            ],
            "raycastDirection": [
                -0.7431455254554749,
                0.0,
                0.6691298484802246
            ]
        },
        {
            "frameIndex": 17,
            "timestamp": 9.0,
            "triangleIndex": -1,
            "hitID": "Jeep2",
            "agentID": "Jeep2",
            "localPositionOfHitPosition": [
                -1.3750027418136597,
                1.0,
                -2.2170567512512209
            ],
            "localPositionOfHitTarget": [
                -2.568483352661133,
                -20.0,
                2.5
            ],
            "raycastDirection": [
                -0.13917404413223267,
                0.0,
                0.9902679324150086
            ]
        }
    ],
    "attempts": [
        {
            "startTime": 9.30555534362793,
            "endTime": 11.38888931274414,
            "successful": true,
            "reason": ""
        }
    ]
}