{
    "name": "Worker-Female-Safe-SameSide",
    "modelID": "WorkFem",
    "modelBehavior": "Safe",
    "modelPathIndex": 1,
    "participantStartPositionID": "South",
    "duration": -9.75,
    "participantGazeData": [
        {
            "frameIndex": 0,
            "timestamp": 0.506378173828125,
            "triangleIndex": -1,
            "hitID": "Agent7",
            "agentID": "Agent7",
            "localPositionOfHitPosition": [
                -0.38414520025253298,
                0.9166679382324219,
                0.32005101442337038
            ],
            "localPositionOfHitTarget": [
                -0.5078943967819214,
                -19.916667938232423,
                25.345483779907228
            ],
            "raycastDirection": [
                0.0,
                0.0,
                1.0
            ]
        },
        {
            "frameIndex": 6,
            "timestamp": 3.5202670097351076,
            "triangleIndex": -1,
            "hitID": "SportsCar5",
            "agentID": "SportsCar5",
            "localPositionOfHitPosition": [
                -1.3750029802322388,
                1.0,
                0.10274946689605713
            ],
            "localPositionOfHitTarget": [
                -3.4037275314331056,
                -20.0,
                -2.5
            ],
            "raycastDirection": [
                -0.3090165853500366,
                0.0,
                -0.9510565996170044
            ]
        },
        {
            "frameIndex": 7,
            "timestamp": 4.0,
            "triangleIndex": -1,
            "hitID": "SportsCar1",
            "agentID": "SportsCar1",
            "localPositionOfHitPosition": [
                1.3750014305114747,
                1.0,
                1.1065552234649659
            ],
            "localPositionOfHitTarget": [
                -5.209270477294922,
                -20.0,
                -2.5
            ],
            "raycastDirection": [
                -0.7660446763038635,
                0.0,
                0.6427873969078064
            ]
        },
        {
            "frameIndex": 15,
            "timestamp": 8.0,
            "triangleIndex": -1,
            "hitID": "Jeep2",
            "agentID": "Jeep2",
            "localPositionOfHitPosition": [
                0.07595325261354447,
                1.0,
                2.850001573562622
            ],
            "localPositionOfHitTarget": [
                7.2926130294799809,
                -20.0,
                2.5
            ],
            "raycastDirection": [
                0.13917221128940583,
                0.0,
                0.9902681708335877
            ]
        },
        {
            "frameIndex": 16,
            "timestamp": 8.5,
            "triangleIndex": 1675,
            "hitID": "LowFem_ThighRight",
            "agentID": "LowFemMesh",
            "localPositionOfHitPosition": [
                0.06962033361196518,
                0.10659313201904297,
                -0.0471455380320549
            ],
            "localPositionOfHitTarget": [
                0.09209999442100525,
                -0.01727670431137085,
                0.001984629314392805
            ],
            "raycastDirection": [
                -0.7431455254554749,
                0.0,
                0.6691298484802246
            ]
        },
        {
            "frameIndex": 17,
            "timestamp": 9.0,
            "triangleIndex": -1,
            "hitID": "Jeep2",
            "agentID": "Jeep2",
            "localPositionOfHitPosition": [
                -1.3750027418136597,
                1.0,
                -2.2170567512512209
            ],
            "localPositionOfHitTarget": [
                -2.568483352661133,
                -20.0,
                2.5
            ],
            "raycastDirection": [
                -0.13917404413223267,
                0.0,
                0.9902679324150086
            ]
        },
        {
            "frameIndex": 2,
            "timestamp": 1.5,
            "triangleIndex": 529,
            "hitID": "LowMale_ThighLeft",
            "agentID": "LowMale",
            "localPositionOfHitPosition": [
                -0.16361771523952485,
                0.11006667464971543,
                0.028038322925567628
            ],
            "localPositionOfHitTarget": [
                -0.09210020303726196,
                -0.007194847799837589,
                0.001282284501940012
            ],
            "raycastDirection": [
                -0.9510562419891357,
                0.0,
                -0.3090183734893799
            ]
        },
        {
            "frameIndex": 8,
            "timestamp": 4.5,
            "triangleIndex": 785,
            "hitID": "LowMale_ThighLeft",
            "agentID": "LowMale",
            "localPositionOfHitPosition": [
                -0.12148676067590714,
                0.14057348668575288,
                0.047810185700654986
            ],
            "localPositionOfHitTarget": [
                -0.09210020303726196,
                -0.007194847799837589,
                0.001282284501940012
            ],
            "raycastDirection": [
                -0.30901601910591128,
                0.0,
                -0.9510570764541626
            ]
        },
        {
            "frameIndex": 9,
            "timestamp": 5.0,
            "triangleIndex": 1999,
            "hitID": "LowMale_ThighLeft",
            "agentID": "LowMale",
            "localPositionOfHitPosition": [
                -0.06177131086587906,
                0.026753846555948259,
                0.12563860416412354
            ],
            "localPositionOfHitTarget": [
                -0.09210020303726196,
                -0.007194847799837589,
                0.001282284501940012
            ],
            "raycastDirection": [
                -0.40673574805259707,
                0.0,
                -0.9135462045669556
            ]
        },
        {
            "frameIndex": 10,
            "timestamp": 5.5,
            "triangleIndex": 1999,
            "hitID": "LowMale_ThighLeft",
            "agentID": "LowMale",
            "localPositionOfHitPosition": [
                -0.07987402379512787,
                0.02908610925078392,
                0.1346251219511032
            ],
            "localPositionOfHitTarget": [
                -0.09210020303726196,
                -0.007194847799837589,
                0.001282284501940012
            ],
            "raycastDirection": [
                -0.37460559606552126,
                0.0,
                -0.9271842241287231
            ]
        },
        {
            "frameIndex": 11,
            "timestamp": 6.0,
            "triangleIndex": -1,
            "hitID": "Agent2",
            "agentID": "Agent2",
            "localPositionOfHitPosition": [
                -0.47896355390548708,
                0.9166660308837891,
                0.14351701736450196
            ],
            "localPositionOfHitTarget": [
                6.469444751739502,
                -19.91666603088379,
                -8.001559257507325
            ],
            "raycastDirection": [
                0.40673765540122988,
                0.0,
                -0.9135453701019287
            ]
        },
        {
            "frameIndex": 14,
            "timestamp": 7.513887405395508,
            "triangleIndex": 1999,
            "hitID": "LowMale_ThighLeft",
            "agentID": "LowMale",
            "localPositionOfHitPosition": [
                -0.07056383043527603,
                0.027208559215068818,
                0.12628735601902009
            ],
            "localPositionOfHitTarget": [
                -0.09210020303726196,
                -0.007194847799837589,
                0.001282284501940012
            ],