{
    "startTime": 4.480319023132324,
    "endTime": 52.35821533203125,
    "allData": []
}