{
    "name": "Training",
    "modelID": "No Agent",
    "modelBehavior": "Safe",
    "modelPathIndex": 0,
    "participantStartPositionID": "North",
    "duration": -31.329729080200197,
    "participantGazeData": [
        {
            "frameIndex": 10,
            "timestamp": 5.510285377502441,
            "triangleIndex": -1,
            "hitID": "Agent5",
            "agentID": "Agent5",
            "localPositionOfHitPosition": [
                -0.027590669691562654,
                0.9166679382324219,
                0.49923592805862429
            ],
            "localPositionOfHitTarget": [
                2.3924522399902345,
                -19.916667938232423,
                -23.6721134185791
            ],
            "raycastDirection": [
                0.10452879220247269,
                0.0,
                -0.9945220947265625
            ]
        },
        {
            "frameIndex": 15,
            "timestamp": 8.010285377502442,
            "triangleIndex": -1,
            "hitID": "Car5",
            "agentID": "Car5",
            "localPositionOfHitPosition": [
                -1.3750022649765015,
                1.0,
                -1.8561702966690064
            ],
            "localPositionOfHitTarget": [
                -8.679571151733399,
                -20.0,
                2.5
            ],
            "raycastDirection": [
                -0.5877854228019714,
                0.0,
                0.8090169429779053
            ]
        },
        {
            "frameIndex": 22,
            "timestamp": 11.510285377502442,
            "triangleIndex": -1,
            "hitID": "Agent3",
            "agentID": "Agent3",
            "localPositionOfHitPosition": [
                0.22977294027805329,
                0.9166660308837891,
                0.44407281279563906
            ],
            "localPositionOfHitTarget": [
                -29.981468200683595,
                -19.91666603088379,
                -15.035841941833496
            ],
            "raycastDirection": [
                -0.9975641369819641,
                0.0,
                -0.06975698471069336
            ]
        },
        {
            "frameIndex": 29,
            "timestamp": 15.010285377502442,
            "triangleIndex": -1,
            "hitID": "Agent3",
            "agentID": "Agent3",
            "localPositionOfHitPosition": [
                -0.2382090985774994,
                0.9166660308837891,
                0.43960943818092348
            ],
            "localPositionOfHitTarget": [
                -22.595569610595704,
                -19.91666603088379,
                -15.307368278503418
            ],
            "raycastDirection": [
                -0.4383704364299774,
                0.0,
                -0.8987945318222046
            ]
        },
        {
            "frameIndex": 31,
            "timestamp": 16.024173736572267,
            "triangleIndex": -1,
            "hitID": "Agent3",
            "agentID": "Agent3",
            "localPositionOfHitPosition": [
                -0.4828405976295471,
                0.9166660308837891,
                0.1298639476299286
            ],
            "localPositionOfHitTarget": [
                -20.471328735351564,
                -19.91666603088379,
                -15.395695686340332
            ],
            "raycastDirection": [
                0.1045292466878891,
                0.0,
                -0.9945220947265625
            ]
        },
        {
            "frameIndex": 32,
            "timestamp": 16.524173736572267,
            "triangleIndex": -1,
            "hitID": "Agent3",
            "agentID": "Agent3",
            "localPositionOfHitPosition": [
                -0.4121401011943817,
                0.9166660308837891,
                -0.283093124628067
            ],
            "localPositionOfHitTarget": [
                -19.45567512512207,
                -19.91666603088379,
                -15.431516647338868
            ],
            "raycastDirection": [
                0.17364895343780518,
                0.0,
                -0.9848078489303589
            ]
        },
        {
            "frameIndex": 45,
            "timestamp": 23.024173736572267,
            "triangleIndex": -1,
            "hitID": "Agent15",
            "agentID": "Agent15",
            "localPositionOfHitPosition": [
                0.21596214175224305,
                0.9166679382324219,
                0.45095589756965639
            ],
            "localPositionOfHitTarget": [
                8.608369827270508,
                -19.916667938232423,
                -11.982893943786621
            ],
            "raycastDirection": [
                0.9612616300582886,
                0.0,
                -0.2756376266479492
            ]
        },
        {
            "frameIndex": 46,
            "timestamp": 23.524173736572267,
            "triangleIndex": -1,
            "hitID": "Agent15",
            "agentID": "Agent15",
            "localPositionOfHitPosition": [
                0.26599669456481936,
                0.9166679382324219,
                0.4233751595020294
            ],
            "localPositionOfHitTarget": [
                7.52434778213501,
                -19.916667938232423,
                -11.99301815032959
            ],
            "raycastDirection": [
                0.9612616300582886,
                0.0,
                -0.2756376266479492
            ]
        },
        {
            "frameIndex": 47,
            "timestamp": 24.024173736572267,
            "triangleIndex": -1,
            "hitID": "Agent15",
            "agentID": "Agent15",
            "localPositionOfHitPosition": [
                0.2959696352481842,
                0.9166679382324219,
                0.40299370884895327
            ],
            "localPositionOfHitTarget": [
                6.4546661376953129,
                -19.916667938232423,
                -11.983073234558106
            ],
            "raycastDirection": [
                0.9612616300582886,
                0.0,
                -0.2756376266479492
            ]
        },
        {
            "frameIndex": 50,
            "timestamp": 25.524173736572267,
            "triangleIndex": -1,
            "hitID": "Agent15",
            "agentID": "Agent15",
            "localPositionOfHitPosition": [
                0.276131808757782,
                0.9166679382324219,
                0.41683530807495119
            ],
            "localPositionOfHitTarget": [
                3.202890634536743,
                -19.916667938232423,
                -11.994159698486329
            ],
            "raycastDirection": [
                1.0000001192092896,
                0.0,
                1.7881393432617188e-7
            ]
        },
        {
            "frameIndex": 51,
            "timestamp": 26.024173736572267,
            "triangleIndex": -1,
            "hitID": "Agent15",
            "agentID": "Agent15",
            "localPositionOfHitPosition": [
                0.2751739025115967,
                0.9166679382324219,
                0.4174678325653076
            ],
            "localPositionOfHitTarget": [
                2.111536979675293,
                -19.916667938232423,
                -11.98310375213623
            ],
            "raycastDirection": [
                1.0000001192092896,
                0.0,
                1.7881393432617188e-7
            ]
        },
        {
            "frameIndex": 52,
            "timestamp": 26.524173736572267,
            "triangleIndex": -1,
            "hitID": "Agent15",
            "agentID": "Agent15",
            "localPositionOfHitPosition": [
                0.42798441648483279,
                0.9166679382324219,
                0.2585128843784332
            ],